Bin Number,Product ID,Comes in packs of,Max order limit updated to,PRODUCT NAME
S-02-010,PEP17-TTHY-FLASH,20,1,UNPUBLISHED Talk. They Hear You. Campaign Flash Drive
S-02-070,PEP19-02-01-001,50,1,Anger Management for Substance Abuse and Mental Health Clients: A Cognitive-Behavioral Therapy Manua
S-02-060,PEP19-02-01-002,20,1,Anger Management for Substance Use Disorder and Mental Health Clients: Participant Workbook
F-19-150,PEP20-03-01-003,50,2,Talk. They Hear You. Five Conversation Goals: Talking with Teens About Alcohol and Other Drugs - Min
F-03-140,PEP20-03-01-006,50,2,Talk. They Hear You. When You're Hanging Out at the Park - Postcard
F-09-080,PEP20-03-01-008,50,2,Talk. They Hear You. When You're Hanging Out at the Park - Wallet Card
F-15-080,PEP20-03-01-010,50,2,Talk. They Hear You. Help Them Succeed On and Off The Court - Postcard
F-13-170,PEP20-03-01-012,50,2,Talk. They Hear You. Help Them Succeed On and Off the Court - Wallet Card
F-07-120,PEP20-03-01-013,50,2,Talk. They Hear You. Choose Informal Times to Talk as She Gets Older - Flyer
F-07-130,PEP20-03-01-014,50,2,Talk. They Hear You. Choose Informal Times to Talk as She Gets Older - Postcard
F-11-140,PEP20-03-01-016,50,2,Talk. They Hear You. Choose Informal Times to Talk as She Gets Older - Wallet Card
F-05-070,PEP20-03-01-018,50,2,Talk. They Hear You. Before Dropping Her Off at the Party - Postcard
F-11-180,PEP20-03-01-020,50,2,Talk. They Hear You. Before Dropping Her Off at the Party - Wallet Card
F-09-110,PEP20-03-01-022,50,2,Talk. They Hear You. On Your Way to Practice - Postcard
F-09-180,PEP20-03-01-024,50,2,Talk. They Hear You. On Your Way to Practice - Wallet Card
F-03-100,PEP20-03-01-026,50,2,Talk. They Hear You. Make Regular Conversations Part of the Routine - Postcard
F-09-070,PEP20-03-01-028,50,2,Talk. They Hear You. Make Regular Conversations Part of the Routine - Wallet Card
S-06-010,PEP20-03-01-030,50,2,Talk. They Hear You. Before She Hits The Practice Field - Postcard
F-13-070,PEP20-03-01-032,50,2,Talk. They Hear You. Before She Hits the Practice Field - Wallet Card
F-03-110,PEP20-03-01-034,50,2,Talk. They Hear You. Set Her Up For Success in and Out of The Classroom - Postcard
F-03-090,PEP20-03-01-036,50,2,Talk. They Hear You. Set Her Up for Success In and Out of the Classroom - Wallet Card
F-03-150,PEP20-03-01-038,50,2,Talk. They Hear You. Set Them up For Success in an Out of the Classroom - Postcard
F-13-140,PEP20-03-01-040,50,2,Talk. They Hear You. Set Them Up for Success In and Out of the Classroom - Wallet Card
S-06-050,PEP20-03-01-042,50,2,Talk. They Hear You. Start Talking Before She Heads Off To School - Postcard
F-15-160,PEP20-03-01-044,50,2,Talk. They Hear You. Start Talking Before She Heads Off to School - Wallet Card
F-05-110,PEP20-03-01-046,50,2,Talk. They Hear You. Find New Ways to Talk as She Gets Older - Postcard
F-01-110,PEP20-03-01-048,50,2,Talk. They Hear You. Find New Ways to Talk as She Gets Older - Wallet Card
F-03-080,PEP20-03-01-050,50,2,Talk. They Hear You. Before She Makes Plans With Friends - Postcard
F-01-100,PEP20-03-01-052,50,2,Talk. They Hear You. Before She Makes Plans With Friends - Wallet Card
F-13-180,PEP20-03-01-054,50,2,Talk. They Hear You. Before They Make Plans With Friends - Postcard
F-01-140,PEP20-03-01-056,50,2,Talk. They Hear You. Before They Make Plans With Friends. Wallet Card
S-06-060,PEP20-03-01-058,50,2,Talk. They Hear You. Before She Gets Behind the Wheel - Postcard
F-01-070,PEP20-03-01-060,50,2,Talk. They Hear You. Before She Gets Behind the Wheel - Wallet Card
F-09-100,PEP20-03-01-062,50,2,Talk. They Hear You. Before They Get Behind the Wheel - Postcard
F-05-120,PEP20-03-01-064,50,2,Talk. They Hear You. Before They Get Behind the Wheel - Wallet Card
F-01-090,PEP20-03-01-086,10,2,2020 Talk. They Hear You. Partner Toolkit Flash Drive
F-09-090,PEP22-08-03-001,50,1,988 Suicide & Crisis Lifeline Wallet Card with Image
S-03-020,PEP22-08-03-002,100,1,988 Suicide & Crisis Lifeline Wallet Card with Icons
S-04-030,PEP22-08-03-003,50,1,988 Suicide & Crisis Lifeline Rectangle Magnet
S-04-010,PEP22-08-03-004,50,1,988 Suicide & Crisis Lifeline Square Magnet
S-05-010,PEP22-08-03-007,5,1,988 Suicide & Crisis Lifeline Safety Plan Pads
S-04-020,PEP22-08-03-009,50,1,988 Suicide & Crisis Lifeline Rectangle Magnet (Spanish Version)
F-09-140,PEP22-08-03-010,50,1,988 Suicide & Crisis Lifeline Wallet Card with Image (Spanish Version)
S-03-040,PEP22-08-03-011,100,1,988 Suicide & Crisis Lifeline Stickers - There is Hope - Pink
S-03-070,PEP22-08-03-012,100,1,988 Suicide & Crisis Lifeline Stickers - There is Hope - Green
F-15-090,PEP22-08-03-013,100,1,988 Suicide & Crisis Lifeline Stickers - There is Hope - Blue
S-05-050,PEP22-08-03-014,100,1,988 Suicide & Crisis Lifeline Stickers - Hay Esperanza - Pink
S-06-120,PEP22-08-03-015,100,1,988 Suicide & Crisis Lifeline Stickers - Hay Esperanza - Green
F-11-130,PEP22-08-03-016,100,1,988 Suicide & Crisis Lifeline Stickers - Hay Esperanza - Blue
F-03-070,SMA09-4432,50,1,SAFE-T Pocket Card: Suicide Assessment Five-Step Evaluation and Triage for Clinicians
S-02-030,SMA15-3618,100,1,Good Mental Health is Ageless
S-03-080,SMA15-3897,50,2,Good Mental Health is Ageless (Spanish version)
F-01-120,SMA15-4248,50,2,"Drugs, Alcohol, and HIV/AIDS: A Consumer Guide for African Americans"
F-15-120,SMA15-4320,50,1,"Alcohol and Drug Treatment: How it Works, and How It Can Help You (Spanish Version)"
F-07-170,SMA18-5084,50,2,Talk. They Hear You: Help Your Children Grow Print Public Service Announcement � Wallet Card
F-03-180,SMA18-5085,50,2,Talk. They Hear You: Before He Kicks Dad Off the Console� Print Public Service Announcement � Wallet
F-07-150,SMA18-5086,50,2,Talk. They Hear You: It Can Be Hard to Get His Attention Print Public Service Announcement � Wallet
F-07-070,SMA18-5087,50,2,Talk. They Hear You: Transitions Can Be Hard Print Public Service Announcement � Wallet Card (Milita
F-05-150,SMA18-5088,50,2,"Talk. They Hear You: Help Your Kids Stay Safe, Beyond the Kitchen Print Public Service Announcement"
F-09-160,SMA18-5089,50,2,Talk. They Hear You: She�s Interested in Learning New Things Print Public Service Announcement � Wal
F-09-170,SMA18-5090,50,2,Talk. They Hear You: Coach Your Kids Through More Than Just Homework Print Public Service Announceme
F-15-130,SMA18-5092,50,2,Talk. They Hear You: Before She�s Too Cool for Mom to Drop Her Off at School Print Public Service An
S-05-060,SVP13-0153,50,1,National Suicide Prevention Lifeline: Assessing Suicide Risk: Initial Tips for Counselors (Wallet Ca
